iteracion,van
0,8088863498.900001
1,19352617928.200005
2,19430260661.0
3,19432893328.0
4,19466918248.500004
5,19569024350.9
6,19598900683.3
7,19598900683.3
8,19598900683.3
9,19715932314.600002
10,19755031035.300003
