iteracion,van
0,3477390319.4000006
1,3489210511.699999
2,3489210511.699999
3,3489210511.699999
4,3489210511.699999
5,3489210511.699999
6,3489210511.699999
7,3489210511.699999
8,3489210511.699999
9,3489210511.699999
10,3489210511.699999
