iteracion,van
0,3525464786.699999
1,13015502182.3
2,13015502182.3
3,13065571669.600002
4,13065571669.600002
5,13065571669.600002
6,13081285880.699999
7,13081285880.699999
8,13081285880.699999
9,13081285880.699999
10,13089508646.099998
