iteracion,van
0,11351228384.666668
1,11457957337.666668
2,11594162324.333332
3,11645169798.333332
4,11651144315.0
5,11703107772.333332
6,11813810728.0
7,11892421479.0
8,11934664598.0
9,11999475002.666668
10,11999475002.666668
