iteracion,van
0,1962629350.333333
1,2061494619.666667
2,2183018850.0
3,2185295716.0
4,2463277235.666667
5,2463277235.666667
6,2463277235.666667
7,2463277235.666667
8,2463277235.666667
9,2463277235.666667
10,2463277235.666667
