iteracion,van
0,11008014478.666668
1,11008014478.666668
2,11091896831.333332
3,11160687969.333332
4,11160687969.333332
5,11313604853.0
6,11512879423.666668
7,11512879423.666668
8,11512879423.666668
9,11512879423.666668
10,11512879423.666668
