iteracion,van
0,12551176166.699997
1,25548517056.4
2,25698667318.899998
3,25719937922.1
4,25864112754.0
5,25864112754.0
6,25864112754.0
7,26069969868.8
8,26141846543.8
9,26141846543.8
10,26141846543.8
