iteracion,van
0,2406555630.0
1,2406555630.0
2,2436945405.333333
3,2436945405.333333
4,2528640820.666667
5,2528640820.666667
6,2538424071.333333
7,2706511671.333333
8,2706511671.333333
9,2706511671.333333
10,2707373282.0
