iteracion,van
0,3380962310.199997
1,3452468657.199997
2,3562423866.8999987
3,3562423866.8999987
4,3562423866.8999987
5,3562423866.8999987
6,3562423866.8999987
7,3562423866.8999987
8,3562423866.8999987
9,3562423866.8999987
10,3562423866.8999987
