iteracion,van
0,6697455450.0
1,6697455450.0
2,6740312298.666667
3,6740312298.666667
4,6759977373.666667
5,6759977373.666667
6,6827454671.666667
7,6827454671.666667
8,6871079266.666667
9,6871079266.666667
10,6871079266.666667
