iteracion,van
0,20196660420.800003
1,20196660420.800003
2,20226950190.6
3,20226950190.6
4,20226950190.6
5,20226950190.6
6,20226950190.6
7,20226950190.6
8,20226950190.6
9,20226950190.6
10,20226950190.6
