iteracion,van
0,14753360839.0
1,14916239773.333332
2,14996608276.333332
3,15061664498.333332
4,15207409329.333332
5,15207409329.333332
6,15207409329.333332
7,15241443411.666668
8,15307946792.0
9,15392119124.333332
10,15539836507.0
