iteracion,van
0,18381027838.0
1,18492268979.666668
2,18492268979.666668
3,18510690320.666668
4,18596266563.0
5,18691232938.666668
6,18802911083.333332
7,18858294793.666668
8,18887464323.0
9,18887464323.0
10,19039043167.666668
