iteracion,van
0,15521717905.666668
1,15633183811.666668
2,15633183811.666668
3,15690739741.666668
4,15690739741.666668
5,15690739741.666668
6,15720060604.666668
7,15720060604.666668
8,15813776854.333332
9,15831799372.333332
10,15901695554.333332
