iteracion,van
0,20415572113.399998
1,36884702083.8
2,36955377286.7
3,36955377286.7
4,37061997953.8
5,37061997953.8
6,37084080094.700005
7,37108675015.5
8,37108675015.5
9,37161794668.9
10,37274932635.5
