iteracion,van
0,8304514030.8
1,19736933994.199997
2,19930963960.300003
3,20033971221.8
4,20033971221.8
5,20033971221.8
6,20130918250.1
7,20130918250.1
8,20138667822.699997
9,20323047074.899998
10,20323047074.899998
