iteracion,van
0,16564541072.7
1,31228199639.1
2,31427537926.600002
3,31469731415.9
4,31561183266.9
5,31561183266.9
6,31561183266.9
7,31561183266.9
8,31614340116.4
9,31631999011.3
10,31782044694.199997
