iteracion,van
0,6729407257.333333
1,6729407257.333333
2,6845875525.0
3,6931814214.666667
4,7026132060.666667
5,7026132060.666667
6,7078101694.333333
7,7078101694.333333
8,7163232544.666667
9,7296802346.666667
10,7296802346.666667
