iteracion,van
0,3641486729.5
1,13093303156.100002
2,13093303156.100002
3,13093303156.100002
4,13093303156.100002
5,13093303156.100002
6,13093303156.100002
7,13168036440.999998
8,13190636557.3
9,13559511223.399998
10,13703719988.6
