iteracion,van
0,15209802140.333334
1,15278158262.0
2,15346171150.333334
3,15346171150.333334
4,15346171150.333334
5,15346171150.333334
6,15346171150.333334
7,15346171150.333334
8,15346171150.333334
9,15346171150.333334
10,15346171150.333334
