iteracion,van
0,20176718429.8
1,36468338670.200005
2,36583172672.9
3,36583172672.9
4,36627558226.200005
5,36627558226.200005
6,36627558226.200005
7,36642095857.5
8,36646688831.1
9,36646688831.1
10,36851249145.4
