iteracion,van
0,14561843535.0
1,14589076573.333334
2,14743280672.0
3,14824375291.666666
4,14918665689.0
5,14982036909.0
6,15143085379.333334
7,15160611869.333334
8,15160611869.333334
9,15160611869.333334
10,15198906326.666666
