iteracion,van
0,13884083705.333334
1,14001827118.0
2,14011728616.333334
3,14080752317.666666
4,14311236402.333334
5,14311236402.333334
6,14311236402.333334
7,14311236402.333334
8,14429897068.666666
9,14429897068.666666
10,14540804632.666666
