iteracion,van
0,18991786245.666668
1,19064667565.333332
2,19146433373.666668
3,19146433373.666668
4,19163279915.0
5,19163279915.0
6,19163279915.0
7,19247530003.666668
8,19400301958.0
9,19405397216.333332
10,19418108013.0
